[
  {
    "id": "1",
    "title": "JavaScript: The Good Parts: The Good Parts",
    "price": 30,
    "description": "With JavaScript: The Good Parts, you'll discover a beautiful, elegant, lightweight and highly expressive language that lets you create effective code, whether you're managing object libraries or just trying to get Ajax to run fast. If you develop sites or applications for the Web, this book is an absolute must"
  },
  {
    "id": "2",
    "title": "Effective JavaScript: 68 Specific Ways to Harness the Power of JavaScript",
    "price": 22,
    "description": "Effective JavaScript is organized around 68 proven approaches for writing better JavaScript, backed by concrete examples. You’ll learn how to choose the right programming style for each project, manage unanticipated problems, and work more successfully with every facet of JavaScript programming from data structures to concurrency"
  },
  {
    "id": "3",
    "title": "JavaScript: The Definitive Guide",
    "price": 40,
    "description": "This Fifth Edition is completely revised and expanded to cover JavaScript as it is used in today's Web 2.0 applications. This book is both an example-driven programmer's guide and a keep-on-your-desk reference, with new chapters that explain everything you need to know to get the most out of JavaScript"
  },
  {
    "id": " 4",
    "title": "Programming JavaScript Applications",
    "price": 19,
    "description": "Take advantage of JavaScript’s power to build robust web-scale or enterprise applications that are easy to extend and maintain. By applying the design patterns outlined in this practical book, experienced JavaScript developers will learn how to write flexible and resilient code that’s easier—yes, easier—to work with as your code base grows."
  },
  {
    "id": "5",
    "title": "Learning JavaScript Design Patterns",
    "price": 32,
    "description": "With Learning JavaScript Design Patterns, you’ll learn how to write beautiful, structured, and maintainable JavaScript by applying classical and modern design patterns to the language. If you want to keep your code efficient, more manageable, and up-to-date with the latest best practices, this book is for you."
  }
]